{
  "alpha_statistics": {
    "min": 0.003265909250086928,
    "25%": 0.006911522792040377,
    "50%": 0.008973969143987444,
    "75%": 0.010846582107400363,
    "90%": 0.012844694730855323,
    "max": 0.01681891816069148,
    "mean": 0.008993725336440963,
    "std": 0.002914423098648737
  },
  "beta_statistics": {
    "min": 0.002519654446854914,
    "25%": 0.0058478464148510635,
    "50%": 0.007018635450023467,
    "75%": 0.008399790699389249,
    "90%": 0.009739086438067118,
    "max": 0.012651157169292994,
    "mean": 0.007192303098881175,
    "std": 0.002097071719200833
  }
}