{
  "alpha_statistics": {
    "min": 0.0035851092594592193,
    "25%": 0.0064904519635217645,
    "50%": 0.009330499718505903,
    "75%": 0.011011979114139316,
    "90%": 0.013528534572878208,
    "max": 0.015363652924108222,
    "mean": 0.009146112410897522,
    "std": 0.0029339487809988064
  },
  "beta_statistics": {
    "min": 0.0021353640055906493,
    "25%": 0.005805626685697428,
    "50%": 0.007118277819765255,
    "75%": 0.008462610872227754,
    "90%": 0.009967180778912954,
    "max": 0.012672298469706054,
    "mean": 0.007177025888810799,
    "std": 0.002107603230088232
  }
}